<?xml version="1.0" encoding="UTF-8" standalone="no"?>
<catalog prefer="public" xmlns="urn:oasis:names:tc:entity:xmlns:xml:catalog">
    <uri id="Imports Wizard Entry" name="http://www.w3.org/ns/dcat" uri="imports/dcat.ttl"/>
    <uri id="Imports Wizard Entry" name="http://lexvo.org/ontology" uri="imports/lexvo.ttl"/>
    <uri id="Imports Wizard Entry" name="http://www.w3.org/ns/prov-o-20130430" uri="imports/prov.ttl"/>
    <uri id="Imports Wizard Entry" name="http://xmlns.com/foaf/0.1#" uri="imports/foaf.rdf"/>
    <uri id="Imports Wizard Entry" name="http://rdfs.org/ns/void#" uri="imports/void.rdf"/>
    <uri id="Imports Wizard Entry" name="http://purl.org/dc/terms/" uri="imports/dct.ttl"/>
    <uri id="Imports Wizard Entry" name="http://www.w3.org/ns/odrl/2/" uri="imports/odrl.ttl"/>
    <uri id="Imports Wizard Entry" name="http://www.w3.org/ns/adms#" uri="imports/adms.ttl"/>
    <group id="Folder Repository, directory=, recursive=true, Auto-Update=true, version=2" prefer="public" xml:base="">
        <uri id="Automatically generated entry, Timestamp=1461866073657" name="http://www.w3.org/2004/02/skos/core" uri="imports/skos.rdf"/>
    </group>
    <uri id="Repo Redirect" name="http://www.w3.org/2000/01/rdf-schema#" uri="imports/rdfs.ttl"/>
    <uri id="Repo Redirect" name="http://www.w3.org/2004/02/skos/core#" uri="imports/skos.rdf"/>
    <uri id="Repo Redirect" name="http://lexvo.org/ontology#" uri="imports/lexvo.ttl"/>
    <uri id="Repo Redirect" name="http://www.w3.org/ns/dcat#" uri="imports/dcat.ttl"/>
    <uri id="Repo Redirect" name="http://www.w3.org/ns/prov#" uri="imports/prov.ttl"/>
    <uri id="Repo Redirect" name="http://www.w3.org/ns/odrl/2/" uri="imports/odrl.ttl"/>
</catalog>
